2,-2,70,2,2,0,0,0,0,0,0,0,0,0,0,0,0,7,10,70,78,14,5,5,100,2,5,40,0,0,0,0,0.1,0,2,0,0,0,0,1,1,0,0,1,0,1,0,1,2,0,2,0,1,0,0,36,2,79,5,4,0,0,1,0,0,0,0,0,0,0,0,0,12,16,75,184,7,5,7,71.4,7,8,87.5,0,0,0,0,0.5,0.1,2,0,0,0,0,5,4,2,3,0,3,3,100,0,0,0,0,0,5,0,0,0.171,1.0,0.844,0.333,0.333,0.746,0.56,0.535,0.869,0.424,1.0,0.68,0.615,0.565,0.76,0.476,0.375,0.711,0,0,0,0
8,0,78,1,0,0,0,0,0,1,0,0,0,0,0,0,0,2,5,40,50,20,1,1,100,0,0,0,1,1,100,0,0,0,1,0,0,0,0,2,2,0,1,1,0,1,0,1,0,0,0,0,2,1,0,35,2,32,0,0,0,0,0,0,0,0,0,0,0,0,0,0,7,9,77.8,123,11,2,2,100,5,5,100,0,1,0,0,0,0,0,0,0,0,1,0,0,0,0,0,0,0,0,0,1,0,1,0,0,0,0,0.171,1.0,0.844,0.333,0.333,0.746,0.56,0.535,0.869,0.758,1.0,0.32,0.923,0.783,0.56,0.671,-0.271,0.434,0,0,1,1
9,2,10,1,0,0,0,1,0,0,1,0,0,0,1,0,0,5,7,71.4,94,7,3,3,100,1,2,50,1,2,50,0,0,0,0,0,0,0,0,0,0,0,0,0,0,0,0,0,1,0,1,0,0,0,0,34,-3,59,0,0,0,0,0,0,0,0,0,0,0,0,0,0,6,8,75,105,45,3,5,60,3,3,100,0,0,0,0,0,0,0,1,1,0,3,2,1,1,1,0,2,2,100,0,0,0,0,0,2,1,0,0.171,1.0,0.844,0.333,0.333,0.746,0.56,0.535,0.869,0.576,1.0,0.52,0.462,0.826,0.547,0.61,-0.188,0.542,0,0,0,0
11,1,1,0,0,0,0,0,0,0,0,0,0,0,0,0,0,0,1,0,0,0,0,0,0,0,1,0,0,0,0,0,0,0,0,0,0,0,0,0,0,0,0,0,0,0,0,0,0,0,0,0,0,0,0,33,0,84,7,5,0,1,1,0,0,0,0,0,0,0,0,0,39,53,73.6,598,135,20,26,76.9,17,20,85,0,1,0,0,1.1,0.5,6,0,4,2,3,1,1,1,0,0,0,1,0,1,2,0,2,0,1,0,0,0.171,1.0,0.844,0.333,0.333,0.746,0.56,0.535,0.869,0.485,0.5,0.16,0.231,0.522,0.227,0.378,-0.292,0.181,0,0,0,0
13,2,1,0,0,0,0,0,0,0,0,0,0,0,0,0,0,2,3,66.7,36,2,1,2,50,1,1,100,0,0,0,0,0,0,0,0,0,0,1,0,0,0,0,0,0,0,0,0,0,0,0,0,0,0,0,32,0,84,6,4,0,1,1,0,0,1,1,0,0,0,0,0,22,28,78.6,349,64,14,15,93.3,5,8,62.5,3,5,60,1,0.7,0.5,3,0,3,2,1,1,0,0,1,0,0,0,0,0,1,0,1,0,1,1,0,0.171,1.0,0.844,0.333,0.333,0.746,0.56,0.535,0.869,0.515,1.0,0.52,0.923,0.565,0.667,0.659,-0.083,0.614,1,0,2,1
14,-1,27,2,2,0,0,0,0,0,0,0,0,0,0,0,0,10,12,83.3,168,38,4,4,100,6,6,100,0,0,0,0,0.1,0.1,1,1,2,0,2,0,0,0,0,0,0,2,0,2,0,0,0,0,0,0,0,31,0,90,4,2,0,2,0,0,0,2,1,0,1,0,0,0,23,29,79.3,356,102,15,16,93.8,7,8,87.5,1,3,33.3,1,0.4,0.4,3,2,1,1,2,3,1,1,2,0,1,1,100,0,0,0,0,0,3,0,0,0.212,1.0,0.84,0.308,0.565,0.813,0.598,0.25,0.807,0.2,1.0,0.781,0.533,0.278,0.576,0.427,0.419,0.838,0,1,4,0
15,-1,90,4,2,0,0,2,0,0,2,1,0,0,1,0,0,21,27,77.8,280,56,14,16,87.5,5,7,71.4,1,2,50,1,0.6,0.1,3,0,1,0,1,1,0,0,0,1,0,0,0,0,0,0,0,2,3,0,0,30,3,90,6,3,0,2,1,0,0,2,1,0,1,0,0,0,34,43,79.1,552,105,18,23,78.3,11,12,91.7,3,3,100,1,0.9,0.4,2,2,2,2,3,0,0,0,0,0,0,1,0,1,0,0,0,1,1,1,0,0.212,1.0,0.84,0.308,0.565,0.813,0.598,0.25,0.807,0.829,1.0,0.469,0.333,1.0,0.364,0.693,-0.105,0.505,0,0,1,0
16,3,70,0,0,0,0,0,0,0,0,0,0,0,0,0,0,9,18,50,149,3,6,10,60,2,4,50,1,3,33.3,0,0,0,0,0,0,0,1,1,0,0,1,0,1,1,100,0,2,0,2,1,2,0,0,29,3,82,0,0,0,0,0,0,0,0,0,0,0,0,0,0,26,35,74.3,335,36,18,23,78.3,6,8,75,1,2,50,0,0,0,0,2,1,0,1,0,0,0,0,0,0,0,0,0,1,0,1,0,0,0,0,0.171,1.0,0.844,0.333,0.333,0.746,0.56,0.535,0.869,1.0,1.0,0.28,0.615,1.0,0.493,0.963,-0.875,0.349,0,1,1,0
17,2,90,4,1,2,0,1,0,0,1,0,1,0,0,0,0,15,25,60,262,84,9,11,81.8,3,5,60,3,7,42.9,1,0.4,0.4,3,0,0,0,1,3,2,2,1,0,2,2,100,0,1,1,0,0,3,0,0,28,3,76,3,2,0,0,1,0,0,1,1,0,0,0,0,0,20,26,76.9,273,45,13,15,86.7,4,4,100,2,4,50,0,0.2,0.1,1,0,0,0,2,0,0,0,0,0,0,0,0,0,1,0,1,0,0,0,0,0.171,1.0,0.844,0.333,0.333,0.746,0.56,0.535,0.869,0.758,1.0,0.4,0.462,0.957,0.573,0.683,-0.271,0.434,1,0,4,1
18,3,81,2,2,0,0,0,0,0,0,0,0,0,0,0,0,17,26,65.4,290,25,10,13,76.9,4,6,66.7,3,6,50,0,0.3,0.3,1,0,1,0,2,4,3,1,2,1,1,3,33.3,2,1,0,1,0,4,0,0,27,1,90,4,2,0,1,0,1,0,0,0,0,0,0,0,0,32,38,84.2,480,74,19,23,82.6,10,10,100,2,2,100,0,0.2,0.1,2,1,0,0,4,0,0,0,0,0,0,1,0,1,0,0,0,0,0,0,0,0.212,1.0,0.84,0.308,0.565,0.813,0.598,0.25,0.807,1.0,1.0,0.281,0.867,0.889,0.381,1.0,-0.349,0.404,2,0,2,2
19,5,90,6,4,1,1,0,0,0,1,0,0,1,0,0,0,16,28,57.1,260,40,7,12,58.3,6,8,75,2,4,50,0,0.3,0.1,5,0,0,0,0,2,1,0,1,1,1,5,20,4,3,0,3,3,5,0,0,26,4,90,2,2,0,0,0,0,0,0,0,0,0,0,0,0,34,38,89.5,496,54,17,19,89.5,13,13,100,2,2,100,0,0.2,0.2,1,0,1,0,1,1,1,1,0,0,0,0,0,0,0,0,0,1,2,1,0,0.212,1.0,0.84,0.308,0.565,0.813,0.598,0.25,0.807,0.543,0.5,0.094,0.2,0.722,0.102,0.573,-0.36,0.121,0,0,3,1
21,-1,81,4,3,0,0,1,0,0,2,2,0,0,0,0,0,21,29,72.4,326,64,10,12,83.3,8,11,72.7,1,1,100,0,0,0,0,0,1,0,2,3,3,2,0,1,1,1,100,0,1,0,1,1,4,1,0,25,1,90,0,0,0,0,0,0,0,0,0,0,0,0,0,0,38,44,86.4,553,82,17,20,85,18,19,94.7,0,2,0,0,0,0.1,0,1,2,0,5,0,0,0,0,0,0,1,0,1,2,0,2,0,0,0,0,0.171,1.0,0.844,0.333,0.333,0.746,0.56,0.535,0.869,0.091,1.0,1.0,0.615,0.217,1.0,0.329,1.0,1.0,0,0,5,1
23,0,90,3,1,0,2,0,0,0,0,0,0,0,0,0,0,6,11,54.5,82,8,4,6,66.7,2,3,66.7,0,1,0,0,0,0,0,0,0,0,1,1,0,0,1,0,1,1,100,0,1,0,1,3,4,0,0,24,2,23,2,1,1,0,0,0,0,0,0,0,0,0,0,0,6,9,66.7,51,9,2,2,100,1,3,33.3,0,0,0,0,0.1,0,1,0,0,0,0,0,0,0,0,0,0,3,0,3,0,0,0,0,0,0,0,0.171,1.0,0.844,0.333,0.333,0.746,0.56,0.535,0.869,0.545,0.5,0.08,0.615,0.391,0.213,0.341,-0.25,0.169,0,0,2,0
24,1,90,4,4,0,0,0,0,0,0,0,0,0,0,0,0,34,49,69.4,495,88,20,20,100,12,18,66.7,2,8,25,0,0.1,0.1,2,1,2,1,4,0,0,0,0,0,0,0,0,0,0,0,0,0,0,2,0,12,-2,75,5,3,1,1,0,0,0,0,0,0,0,0,0,0,18,23,78.3,256,82,13,13,100,4,5,80,1,2,50,0,0,0.1,1,0,1,0,2,1,0,1,0,0,1,1,100,0,0,0,0,0,1,0,0,0.212,1.0,0.84,0.308,0.565,0.813,0.598,0.25,0.807,0.714,1.0,0.5,0.4,0.889,0.331,0.6,-0.07,0.545,0,0,0,0
20,1,68,2,2,0,0,0,0,0,0,0,0,0,0,0,0,13,22,59.1,258,48,5,8,62.5,4,7,57.1,3,4,75,0,0,0,0,0,2,1,2,1,1,0,1,0,1,5,20,4,1,0,1,0,1,1,0,23,0,61,3,3,0,0,0,0,0,0,0,0,0,0,0,0,33,41,80.5,472,93,18,21,85.7,10,12,83.3,2,2,100,0,0,0.1,0,1,1,0,2,0,0,0,0,0,0,0,0,0,0,0,0,0,0,0,0,0.171,1.0,0.844,0.333,0.333,0.746,0.56,0.535,0.869,0.758,1.0,0.4,0.615,0.87,0.4,0.683,-0.542,0.458,0,0,4,1
28,1,70,5,5,0,0,0,0,0,0,0,0,0,0,0,0,19,25,76,304,43,10,14,71.4,9,11,81.8,0,0,0,0,0.2,0.2,2,0,2,0,2,1,0,0,1,0,1,2,50,1,1,0,1,2,3,0,0,22,-1,58,5,3,1,0,0,1,0,0,0,0,0,0,0,0,27,34,79.4,357,87,19,23,82.6,8,9,88.9,0,2,0,0,0.1,0.1,2,1,1,0,5,0,0,0,0,0,0,1,0,1,0,0,0,0,0,0,0,0.212,1.0,0.84,0.308,0.565,0.813,0.598,0.25,0.807,0.571,0.5,0.062,0.133,0.833,0.144,0.613,-0.337,0.081,1,0,3,1
29,2,72,1,1,0,0,0,0,0,0,0,0,0,0,0,0,13,18,72.2,169,38,7,8,87.5,4,6,66.7,1,3,33.3,0,0.1,0.1,1,1,0,0,0,1,1,0,1,0,0,0,0,0,1,0,1,1,2,0,0,21,1,81,6,4,1,1,0,0,0,0,0,0,0,0,0,0,28,47,59.6,435,68,10,16,62.5,13,17,76.5,2,5,40,0,0.4,0.2,4,1,0,0,1,0,0,0,0,0,0,0,0,0,2,0,2,0,0,0,0,0.171,1.0,0.844,0.333,0.333,0.746,0.56,0.535,0.869,0.909,1.0,0.32,0.692,0.913,0.747,0.939,-0.438,0.398,0,1,2,1
27,-2,77,4,1,1,1,0,1,0,1,0,1,0,0,0,0,13,16,81.3,195,81,10,12,83.3,2,3,66.7,1,1,100,1,0.4,0.6,2,0,0,0,1,0,0,0,0,0,0,0,0,0,1,0,1,1,1,3,0,20,2,78,4,4,0,0,0,0,0,0,0,0,0,0,0,0,24,32,75,384,95,11,14,78.6,12,14,85.7,1,2,50,0,0.7,0.8,4,0,0,0,0,2,1,1,1,0,1,1,100,0,1,0,1,0,2,0,0,0.171,1.0,0.844,0.333,0.333,0.746,0.56,0.535,0.869,0.273,1.0,0.76,0.692,0.435,0.987,0.573,0.562,0.795,0,0,1,0
31,-3,90,1,1,0,0,0,0,0,0,0,0,0,0,0,0,23,35,65.7,395,26,13,18,72.2,8,11,72.7,2,4,50,0,0,0,1,0,0,0,1,1,1,0,1,0,1,1,100,0,1,0,1,1,2,2,0,19,0,90,4,3,0,0,1,0,0,0,0,0,0,0,0,0,27,36,75,443,45,14,19,73.7,11,12,91.7,2,5,40,0,0.4,0.3,3,1,0,0,1,0,0,0,0,0,0,0,0,0,0,0,0,0,0,1,0,0.212,1.0,0.84,0.308,0.565,0.813,0.598,0.25,0.807,0.686,1.0,0.438,1.0,0.5,0.407,0.533,0.093,0.576,0,0,0,0
32,-1,45,1,1,0,0,0,0,0,0,0,0,0,0,0,0,23,28,82.1,282,58,16,18,88.9,6,7,85.7,0,0,0,0,0.1,0.1,1,1,1,1,0,0,0,0,0,0,0,0,0,0,2,0,2,0,0,0,0,37,-3,19,0,0,0,0,0,0,0,0,0,0,0,0,0,0,2,3,66.7,24,3,2,2,100,0,0,0,0,1,0,0,0,0,0,0,0,0,0,0,0,0,0,0,0,0,0,0,0,0,0,0,0,0,0,0.171,1.0,0.844,0.333,0.333,0.746,0.56,0.535,0.869,0.273,1.0,0.6,0.923,0.478,0.773,0.646,0.104,0.687,0,0,2,1
33,-1,73,2,2,0,0,0,0,0,0,0,0,0,0,0,0,17,23,73.9,297,91,8,10,80,8,9,88.9,1,2,50,0,0,0.1,0,3,1,1,3,0,0,0,0,0,0,0,0,0,0,0,0,0,0,1,0,17,2,87,2,1,0,0,0,1,0,0,0,0,0,0,0,0,21,37,56.8,364,28,11,14,78.6,5,12,41.7,4,6,66.7,0,0,0,1,2,0,0,2,1,1,0,0,1,0,0,0,0,0,0,0,0,1,0,0,0.212,1.0,0.84,0.308,0.565,0.813,0.598,0.25,0.807,0.914,1.0,0.25,0.8,1.0,0.356,0.813,-0.221,0.364,0,0,5,1
25,2,90,3,2,0,1,0,0,0,0,0,0,0,0,0,0,32,40,80,405,42,23,27,85.2,9,11,81.8,0,1,0,0,0,0.1,0,0,0,0,2,0,0,0,0,0,0,0,0,0,4,0,4,0,0,1,0,16,2,90,4,3,0,0,1,0,0,1,0,0,0,1,0,0,18,26,69.2,367,50,5,7,71.4,11,13,84.6,2,4,50,0,0,0,0,0,0,0,1,1,1,1,0,0,0,0,0,0,2,1,1,1,2,1,0,0.212,1.0,0.84,0.308,0.565,0.813,0.598,0.25,0.807,0.6,1.0,0.469,0.933,0.5,0.483,0.547,0.186,0.596,0,0,0,0
34,2,21,0,0,0,0,0,0,0,0,0,0,0,0,0,0,1,3,33.3,24,7,0,0,0,1,2,50,0,1,0,0,0,0,0,0,0,0,1,1,1,0,1,0,0,0,0,0,0,0,0,0,1,0,0,15,1,89,2,2,0,0,0,0,0,0,0,0,0,0,0,0,22,29,75.9,355,168,11,11,100,10,13,76.9,1,2,50,0,0.3,0.2,1,2,4,0,7,0,0,0,0,0,0,0,0,0,0,0,0,0,0,1,0,0.171,1.0,0.844,0.333,0.333,0.746,0.56,0.535,0.869,0.424,1.0,0.56,0.615,0.696,0.627,0.829,-0.438,0.602,0,0,0,0
35,1,27,0,0,0,0,0,0,0,0,0,0,0,0,0,0,6,6,100,88,22,3,3,100,3,3,100,0,0,0,0,0,0,0,1,0,0,0,0,0,0,0,0,0,0,0,0,0,0,0,0,0,0,0,14,5,62,5,4,0,0,1,0,0,1,1,0,0,0,0,0,21,25,84,346,98,13,14,92.9,5,6,83.3,3,3,100,0,0,0.1,1,2,3,0,6,0,0,0,0,0,0,0,0,0,1,0,1,2,2,0,0,0.212,1.0,0.84,0.308,0.565,0.813,0.598,0.25,0.807,0.6,1.0,0.531,0.6,0.667,0.5,0.667,0.105,0.606,0,1,1,0
36,1,90,3,2,0,0,0,0,1,1,1,0,0,0,0,0,17,22,77.3,211,52,10,11,90.9,6,7,85.7,0,2,0,1,0.3,0.2,2,0,0,0,2,2,1,1,1,0,0,2,0,2,1,0,1,2,4,0,0,13,0,70,3,2,0,1,0,0,0,0,0,0,0,0,0,0,13,21,61.9,243,30,5,7,71.4,7,8,87.5,1,3,33.3,0,0,0,0,0,0,0,2,2,0,1,1,0,0,0,0,0,0,0,0,0,2,2,0,0.171,1.0,0.844,0.333,0.333,0.746,0.56,0.535,0.869,0.939,1.0,0.28,0.615,1.0,0.6,1.0,-0.771,0.349,0,1,4,2
22,-3,77,7,3,0,2,1,1,0,2,1,0,1,0,0,0,32,38,84.2,500,74,21,23,91.3,7,10,70,4,4,100,1,0.4,0.3,2,0,1,1,0,1,1,0,1,0,0,0,0,0,0,0,0,0,1,0,0,11,1,90,2,2,0,0,0,0,0,0,0,0,0,0,0,0,24,34,70.6,454,107,7,7,100,15,18,83.3,2,7,28.6,0,0,0.2,1,2,0,0,2,1,0,1,0,0,0,0,0,0,1,0,1,1,2,2,0,0.212,1.0,0.84,0.308,0.565,0.813,0.598,0.25,0.807,0.343,1.0,0.781,0.133,0.611,0.636,0.587,0.36,0.778,0,0,0,0
37,-2,63,3,3,0,0,0,0,0,0,0,0,0,0,0,0,17,23,73.9,236,43,12,14,85.7,5,7,71.4,0,1,0,0,0.2,0.1,2,1,0,0,1,0,0,0,0,0,0,0,0,0,0,0,0,1,1,0,0,10,1,90,3,3,0,0,0,0,0,1,1,0,0,0,0,0,24,33,72.7,352,48,14,18,77.8,8,9,88.9,1,2,50,1,1.1,0.7,2,0,1,0,5,0,0,0,0,0,0,1,0,1,0,0,0,0,0,0,0,0.212,1.0,0.84,0.308,0.565,0.813,0.598,0.25,0.807,0.4,1.0,0.594,0.8,0.389,0.525,0.547,0.244,0.697,0,0,0,0
38,4,38,0,0,0,0,0,0,0,0,0,0,0,0,0,0,12,18,66.7,207,36,6,6,100,6,9,66.7,0,1,0,0,0,0,0,0,0,0,0,0,0,0,0,0,0,0,0,0,0,0,0,1,1,0,0,9,2,90,4,4,0,0,0,0,0,0,0,0,0,0,0,0,37,48,77.1,607,98,18,20,90,16,20,80,3,7,42.9,1,0.2,0.1,2,2,4,0,7,2,2,0,0,2,0,0,0,0,1,0,1,0,2,0,0,0.171,1.0,0.844,0.333,0.333,0.746,0.56,0.535,0.869,1.0,1.0,0.16,1.0,0.913,0.453,0.866,-0.771,0.301,1,1,3,1
1,2,90,7,4,0,1,2,0,0,2,1,0,0,1,0,0,36,43,83.7,624,125,14,16,87.5,20,24,83.3,2,3,66.7,1,0.9,0.4,3,2,2,0,7,1,1,1,0,0,0,2,0,2,2,0,2,1,2,3,0,8,3,77,5,4,0,0,0,0,1,0,0,0,0,0,0,0,25,31,80.6,318,26,20,22,90.9,4,4,100,1,4,25,0,0.2,0.2,2,0,1,0,2,0,0,0,0,0,0,0,0,0,0,0,0,1,1,1,0,0.212,1.0,0.84,0.308,0.565,0.813,0.598,0.25,0.807,0.686,1.0,0.438,1.0,0.5,0.407,0.533,0.093,0.576,1,0,2,1
2,2,90,1,1,0,0,0,0,0,0,0,0,0,0,0,0,24,28,85.7,404,40,12,14,85.7,8,9,88.9,3,4,75,0,0.1,0,1,3,0,0,3,0,0,0,0,0,0,2,0,2,1,0,1,0,0,1,0,6,-2,90,4,3,1,0,0,0,0,1,1,0,0,0,0,0,31,43,72.1,494,130,19,21,90.5,5,8,62.5,5,7,71.4,0,0.1,0.1,2,1,3,2,4,0,0,0,0,0,0,1,0,1,1,0,1,0,0,0,0,0.171,1.0,0.844,0.333,0.333,0.746,0.56,0.535,0.869,0.909,1.0,0.32,0.692,0.913,0.747,0.939,-0.438,0.398,1,0,1,1
3,3,90,6,4,1,0,0,1,0,1,1,0,0,0,0,0,24,33,72.7,302,109,19,19,100,4,9,44.4,1,5,20,0,0.5,0.3,4,1,1,0,2,0,0,0,0,0,0,0,0,0,2,0,2,1,1,0,0,5,1,90,5,3,2,0,0,0,0,1,1,0,0,0,0,0,31,40,77.5,553,162,14,15,93.3,12,15,80,5,8,62.5,0,0.4,0.4,2,2,4,0,5,1,1,1,0,0,0,0,0,0,0,0,0,1,2,1,0,0.212,1.0,0.84,0.308,0.565,0.813,0.598,0.25,0.807,0.457,0.5,0.188,0.267,0.5,0.169,0.373,-0.093,0.222,0,0,4,1
4,1,73,4,2,0,1,1,0,0,2,1,0,0,1,0,0,15,21,71.4,240,55,6,7,85.7,4,5,80,2,4,50,0,0,0,0,0,1,1,2,1,1,0,0,1,1,1,100,0,1,0,1,0,1,0,0,4,1,90,8,5,0,1,1,0,1,1,0,0,0,1,0,0,29,42,69,527,188,13,15,86.7,10,11,90.9,5,12,41.7,0,0.4,0.4,5,2,3,0,6,4,2,1,1,2,0,1,0,1,3,0,3,0,4,0,0,0.171,1.0,0.844,0.333,0.333,0.746,0.56,0.535,0.869,0.182,0.5,0.28,0.154,0.435,0.32,0.293,0.0,0.277,0,0,7,2
5,1,90,8,5,0,1,1,0,1,1,0,0,0,1,0,0,29,42,69,527,188,13,15,86.7,10,11,90.9,5,12,41.7,0,0.4,0.4,5,2,3,0,6,4,2,1,1,2,0,1,0,1,3,0,3,0,4,0,0,3,3,73,4,2,0,1,1,0,0,2,1,0,0,1,0,0,15,21,71.4,240,55,6,7,85.7,4,5,80,2,4,50,0,0,0,0,0,1,1,2,1,1,0,0,1,1,1,100,0,1,0,1,0,1,0,0,0.171,1.0,0.844,0.333,0.333,0.746,0.56,0.535,0.869,0.576,1.0,0.52,0.462,0.826,0.547,0.61,-0.188,0.542,1,0,5,2
6,-2,90,5,3,2,0,0,0,0,1,1,0,0,0,0,0,31,40,77.5,553,162,14,15,93.3,12,15,80,5,8,62.5,0,0.4,0.4,2,2,4,0,5,1,1,1,0,0,0,0,0,0,0,0,0,1,2,1,0,2,2,90,6,4,1,0,0,1,0,1,1,0,0,0,0,0,24,33,72.7,302,109,19,19,100,4,9,44.4,1,5,20,0,0.5,0.3,4,1,1,0,2,0,0,0,0,0,0,0,0,0,2,0,2,1,1,0,0,0.212,1.0,0.84,0.308,0.565,0.813,0.598,0.25,0.807,0.2,1.0,0.781,0.533,0.278,0.576,0.427,0.419,0.838,0,0,1,1
8,3,90,4,3,1,0,0,0,0,1,1,0,0,0,0,0,31,43,72.1,494,130,19,21,90.5,5,8,62.5,5,7,71.4,0,0.1,0.1,2,1,3,2,4,0,0,0,0,0,0,1,0,1,1,0,1,0,0,0,0,1,2,90,1,1,0,0,0,0,0,0,0,0,0,0,0,0,24,28,85.7,404,40,12,14,85.7,8,9,88.9,3,4,75,0,0.1,0,1,3,0,0,3,0,0,0,0,0,0,2,0,2,1,0,1,0,0,1,0,0.212,1.0,0.84,0.308,0.565,0.813,0.598,0.25,0.807,0.571,1.0,0.531,0.667,0.611,0.483,0.52,0.209,0.616,0,0,1,1
9,2,77,5,4,0,0,0,0,1,0,0,0,0,0,0,0,25,31,80.6,318,26,20,22,90.9,4,4,100,1,4,25,0,0.2,0.2,2,0,1,0,2,0,0,0,0,0,0,0,0,0,0,0,0,1,1,1,0,7,4,90,2,2,0,0,0,0,0,0,0,0,0,0,0,0,34,38,89.5,496,54,17,19,89.5,13,13,100,2,2,100,0,0.2,0.2,1,0,1,0,1,1,1,1,0,0,0,0,0,0,0,0,0,1,2,1,0,0.171,1.0,0.844,0.333,0.333,0.746,0.56,0.535,0.869,0.364,1.0,0.6,0.692,0.609,0.853,0.72,0.104,0.651,0,1,3,1
10,1,90,4,4,0,0,0,0,0,0,0,0,0,0,0,0,37,48,77.1,607,98,18,20,90,16,20,80,3,7,42.9,1,0.2,0.1,2,2,4,0,7,2,2,0,0,2,0,0,0,0,1,0,1,0,2,0,0,37,-2,38,0,0,0,0,0,0,0,0,0,0,0,0,0,0,12,18,66.7,207,36,6,6,100,6,9,66.7,0,1,0,0,0,0,0,0,0,0,0,0,0,0,0,0,0,0,0,0,0,0,0,1,1,0,0,0.171,1.0,0.844,0.333,0.333,0.746,0.56,0.535,0.869,0.273,1.0,0.76,0.692,0.435,0.987,0.573,0.562,0.795,1,1,2,1
11,1,90,3,3,0,0,0,0,0,1,1,0,0,0,0,0,24,33,72.7,352,48,14,18,77.8,8,9,88.9,1,2,50,1,1.1,0.7,2,0,1,0,5,0,0,0,0,0,0,1,0,1,0,0,0,0,0,0,0,22,-3,63,3,3,0,0,0,0,0,0,0,0,0,0,0,0,17,23,73.9,236,43,12,14,85.7,5,7,71.4,0,1,0,0,0.2,0.1,2,1,0,0,1,0,0,0,0,0,0,0,0,0,0,0,0,1,1,0,0,0.212,1.0,0.84,0.308,0.565,0.813,0.598,0.25,0.807,1.0,1.0,0.281,0.867,0.889,0.381,1.0,-0.349,0.404,0,0,1,0
13,0,90,2,2,0,0,0,0,0,0,0,0,0,0,0,0,24,34,70.6,454,107,7,7,100,15,18,83.3,2,7,28.6,0,0,0.2,1,2,0,0,2,1,0,1,0,0,0,0,0,0,1,0,1,1,2,2,0,36,1,77,7,3,0,2,1,1,0,2,1,0,1,0,0,0,32,38,84.2,500,74,21,23,91.3,7,10,70,4,4,100,1,0.4,0.3,2,0,1,1,0,1,1,0,1,0,0,0,0,0,0,0,0,0,1,0,0,0.212,1.0,0.84,0.308,0.565,0.813,0.598,0.25,0.807,0.914,1.0,0.25,0.8,1.0,0.356,0.813,-0.221,0.364,0,0,1,0
14,5,70,3,2,0,1,0,0,0,0,0,0,0,0,0,0,13,21,61.9,243,30,5,7,71.4,7,8,87.5,1,3,33.3,0,0,0,0,0,0,0,2,2,0,1,1,0,0,0,0,0,0,0,0,0,2,2,0,35,1,90,3,2,0,0,0,0,1,1,1,0,0,0,0,0,17,22,77.3,211,52,10,11,90.9,6,7,85.7,0,2,0,1,0.3,0.2,2,0,0,0,2,2,1,1,1,0,0,2,0,2,1,0,1,2,4,0,0,0.171,1.0,0.844,0.333,0.333,0.746,0.56,0.535,0.869,0.606,0.5,0.04,0.385,0.565,0.147,0.537,-0.688,0.096,1,0,2,1
15,1,62,5,4,0,0,1,0,0,1,1,0,0,0,0,0,21,25,84,346,98,13,14,92.9,5,6,83.3,3,3,100,0,0,0.1,1,2,3,0,6,0,0,0,0,0,0,0,0,0,1,0,1,2,2,0,0,34,2,27,0,0,0,0,0,0,0,0,0,0,0,0,0,0,6,6,100,88,22,3,3,100,3,3,100,0,0,0,0,0,0,0,1,0,0,0,0,0,0,0,0,0,0,0,0,0,0,0,0,0,0,0,0.212,1.0,0.84,0.308,0.565,0.813,0.598,0.25,0.807,0.6,1.0,0.469,0.933,0.5,0.483,0.547,0.186,0.596,0,0,2,0
16,2,89,2,2,0,0,0,0,0,0,0,0,0,0,0,0,22,29,75.9,355,168,11,11,100,10,13,76.9,1,2,50,0,0.3,0.2,1,2,4,0,7,0,0,0,0,0,0,0,0,0,0,0,0,0,0,1,0,25,2,21,0,0,0,0,0,0,0,0,0,0,0,0,0,0,1,3,33.3,24,7,0,0,0,1,2,50,0,1,0,0,0,0,0,0,0,0,1,1,1,0,1,0,0,0,0,0,0,0,0,0,1,0,0,0.212,1.0,0.84,0.308,0.565,0.813,0.598,0.25,0.807,0.714,1.0,0.5,0.4,0.889,0.331,0.6,-0.07,0.545,0,0,1,1
17,2,90,4,3,0,0,1,0,0,1,0,0,0,1,0,0,18,26,69.2,367,50,5,7,71.4,11,13,84.6,2,4,50,0,0,0,0,0,0,0,1,1,1,1,0,0,0,0,0,0,2,1,1,1,2,1,0,33,-1,90,3,2,0,1,0,0,0,0,0,0,0,0,0,0,32,40,80,405,42,23,27,85.2,9,11,81.8,0,1,0,0,0,0.1,0,0,0,0,2,0,0,0,0,0,0,0,0,0,4,0,4,0,0,1,0,0.171,1.0,0.844,0.333,0.333,0.746,0.56,0.535,0.869,0.758,1.0,0.4,0.462,0.957,0.573,0.683,-0.271,0.434,1,0,1,1
18,2,87,2,1,0,0,0,1,0,0,0,0,0,0,0,0,21,37,56.8,364,28,11,14,78.6,5,12,41.7,4,6,66.7,0,0,0,1,2,0,0,2,1,1,0,0,1,0,0,0,0,0,0,0,0,1,0,0,18,2,90,3,1,0,0,2,0,0,2,0,0,0,2,0,0,16,24,66.7,208,31,10,12,83.3,6,6,100,0,1,0,0,0,0.1,0,1,0,0,1,2,1,0,2,0,0,0,0,0,0,0,0,0,2,0,0,0.212,1.0,0.84,0.308,0.565,0.813,0.598,0.25,0.807,0.714,1.0,0.469,0.733,0.667,0.475,0.587,0.14,0.566,1,0,5,2
19,0,90,3,1,0,0,2,0,0,2,0,0,0,2,0,0,16,24,66.7,208,31,10,12,83.3,6,6,100,0,1,0,0,0,0.1,0,1,0,0,1,2,1,0,2,0,0,0,0,0,0,0,0,0,2,0,0,31,-3,45,1,1,0,0,0,0,0,0,0,0,0,0,0,0,23,28,82.1,282,58,16,18,88.9,6,7,85.7,0,0,0,0,0.1,0.1,1,1,1,1,0,0,0,0,0,0,0,0,0,0,2,0,2,0,0,0,0,0.171,1.0,0.844,0.333,0.333,0.746,0.56,0.535,0.869,0.515,1.0,0.52,0.923,0.565,0.667,0.659,-0.083,0.614,0,0,4,1
20,2,90,4,3,0,0,1,0,0,0,0,0,0,0,0,0,27,36,75,443,45,14,19,73.7,11,12,91.7,2,5,40,0,0.4,0.3,3,1,0,0,1,0,0,0,0,0,0,0,0,0,0,0,0,0,0,1,0,27,-2,90,1,1,0,0,0,0,0,0,0,0,0,0,0,0,23,35,65.7,395,26,13,18,72.2,8,11,72.7,2,4,50,0,0,0,1,0,0,0,1,1,1,0,1,0,1,1,100,0,1,0,1,1,2,2,0,0.212,1.0,0.84,0.308,0.565,0.813,0.598,0.25,0.807,0.343,1.0,0.781,0.133,0.611,0.636,0.587,0.36,0.778,0,0,1,0
21,1,78,4,4,0,0,0,0,0,0,0,0,0,0,0,0,24,32,75,384,95,11,14,78.6,12,14,85.7,1,2,50,0,0.7,0.8,4,0,0,0,0,2,1,1,1,0,1,1,100,0,1,0,1,0,2,0,0,29,2,77,4,1,1,1,0,1,0,1,0,1,0,0,0,0,13,16,81.3,195,81,10,12,83.3,2,3,66.7,1,1,100,1,0.4,0.6,2,0,0,0,1,0,0,0,0,0,0,0,0,0,1,0,1,1,1,3,0,0.171,1.0,0.844,0.333,0.333,0.746,0.56,0.535,0.869,0.424,1.0,0.56,0.615,0.696,0.627,0.829,-0.438,0.602,0,0,5,0
22,-1,81,6,4,1,1,0,0,0,0,0,0,0,0,0,0,28,47,59.6,435,68,10,16,62.5,13,17,76.5,2,5,40,0,0.4,0.2,4,1,0,0,1,0,0,0,0,0,0,0,0,0,2,0,2,0,0,0,0,28,1,72,1,1,0,0,0,0,0,0,0,0,0,0,0,0,13,18,72.2,169,38,7,8,87.5,4,6,66.7,1,3,33.3,0,0.1,0.1,1,1,0,0,0,1,1,0,1,0,0,0,0,0,1,0,1,1,2,0,0,0.212,1.0,0.84,0.308,0.565,0.813,0.598,0.25,0.807,0.829,1.0,0.469,0.333,1.0,0.364,0.693,-0.105,0.505,0,0,0,0
23,0,58,5,3,1,0,0,1,0,0,0,0,0,0,0,0,27,34,79.4,357,87,19,23,82.6,8,9,88.9,0,2,0,0,0.1,0.1,2,1,1,0,5,0,0,0,0,0,0,1,0,1,0,0,0,0,0,0,0,20,1,70,5,5,0,0,0,0,0,0,0,0,0,0,0,0,19,25,76,304,43,10,14,71.4,9,11,81.8,0,0,0,0,0.2,0.2,2,0,2,0,2,1,0,0,1,0,1,2,50,1,1,0,1,2,3,0,0,0.171,1.0,0.844,0.333,0.333,0.746,0.56,0.535,0.869,0.636,1.0,0.44,0.846,0.696,0.653,0.768,-0.292,0.53,0,0,3,1
12,-2,61,3,3,0,0,0,0,0,0,0,0,0,0,0,0,33,41,80.5,472,93,18,21,85.7,10,12,83.3,2,2,100,0,0,0.1,0,1,1,0,2,0,0,0,0,0,0,0,0,0,0,0,0,0,0,0,0,24,1,68,2,2,0,0,0,0,0,0,0,0,0,0,0,0,13,22,59.1,258,48,5,8,62.5,4,7,57.1,3,4,75,0,0,0,0,0,2,1,2,1,1,0,1,0,1,5,20,4,1,0,1,0,1,1,0,0.171,1.0,0.844,0.333,0.333,0.746,0.56,0.535,0.869,0.091,1.0,1.0,0.615,0.217,1.0,0.329,1.0,1.0,0,0,0,0
24,2,75,5,3,1,1,0,0,0,0,0,0,0,0,0,0,18,23,78.3,256,82,13,13,100,4,5,80,1,2,50,0,0,0.1,1,0,1,0,2,1,0,1,0,0,1,1,100,0,0,0,0,0,1,0,0,23,0,90,4,4,0,0,0,0,0,0,0,0,0,0,0,0,34,49,69.4,495,88,20,20,100,12,18,66.7,2,8,25,0,0.1,0.1,2,1,2,1,4,0,0,0,0,0,0,0,0,0,0,0,0,0,0,2,0,0.212,1.0,0.84,0.308,0.565,0.813,0.598,0.25,0.807,0.6,1.0,0.562,0.467,0.722,0.525,0.667,0.14,0.616,1,0,1,1
25,1,23,2,1,1,0,0,0,0,0,0,0,0,0,0,0,6,9,66.7,51,9,2,2,100,1,3,33.3,0,0,0,0,0.1,0,1,0,0,0,0,0,0,0,0,0,0,3,0,3,0,0,0,0,0,0,0,12,-2,75,5,3,1,1,0,0,0,0,0,0,0,0,0,0,18,23,78.3,256,82,13,13,100,4,5,80,1,2,50,0,0,0.1,1,0,1,0,2,1,0,1,0,0,1,1,100,0,0,0,0,0,1,0,0,0.212,1.0,0.84,0.308,0.565,0.813,0.598,0.25,0.807,0.743,1.0,0.469,0.533,0.833,0.483,0.667,0.081,0.535,1,0,2,1
7,4,90,0,0,0,0,0,0,0,0,0,0,0,0,0,0,38,44,86.4,553,82,17,20,85,18,19,94.7,0,2,0,0,0,0.1,0,1,2,0,5,0,0,0,0,0,0,1,0,1,2,0,2,0,0,0,0,19,5,81,4,3,0,0,1,0,0,2,2,0,0,0,0,0,21,29,72.4,326,64,10,12,83.3,8,11,72.7,1,1,100,0,0,0,0,0,1,0,2,3,3,2,0,1,1,1,100,0,1,0,1,1,4,1,0,0.171,1.0,0.844,0.333,0.333,0.746,0.56,0.535,0.869,1.0,1.0,0.16,1.0,0.913,0.453,0.866,-0.771,0.301,2,0,3,2
26,1,90,2,2,0,0,0,0,0,0,0,0,0,0,0,0,34,38,89.5,496,54,17,19,89.5,13,13,100,2,2,100,0,0.2,0.2,1,0,1,0,1,1,1,1,0,0,0,0,0,0,0,0,0,1,2,1,0,18,3,90,6,4,1,1,0,0,0,1,0,0,1,0,0,0,16,28,57.1,260,40,7,12,58.3,6,8,75,2,4,50,0,0.3,0.1,5,0,0,0,0,2,1,0,1,1,1,5,20,4,3,0,3,3,5,0,0,0.171,1.0,0.844,0.333,0.333,0.746,0.56,0.535,0.869,0.394,0.5,0.2,0.154,0.522,0.227,0.524,-0.542,0.205,0,0,4,0
27,3,90,4,2,0,1,0,1,0,0,0,0,0,0,0,0,32,38,84.2,480,74,19,23,82.6,10,10,100,2,2,100,0,0.2,0.1,2,1,0,0,4,0,0,0,0,0,0,1,0,1,0,0,0,0,0,0,0,17,2,81,2,2,0,0,0,0,0,0,0,0,0,0,0,0,17,26,65.4,290,25,10,13,76.9,4,6,66.7,3,6,50,0,0.3,0.3,1,0,1,0,2,4,3,1,2,1,1,3,33.3,2,1,0,1,0,4,0,0,0.212,1.0,0.84,0.308,0.565,0.813,0.598,0.25,0.807,0.343,0.5,0.25,0.333,0.333,0.263,0.387,0.023,0.293,1,0,4,2
28,3,76,3,2,0,0,1,0,0,1,1,0,0,0,0,0,20,26,76.9,273,45,13,15,86.7,4,4,100,2,4,50,0,0.2,0.1,1,0,0,0,2,0,0,0,0,0,0,0,0,0,1,0,1,0,0,0,0,16,3,90,4,1,2,0,1,0,0,1,0,1,0,0,0,0,15,25,60,262,84,9,11,81.8,3,5,60,3,7,42.9,1,0.4,0.4,3,0,0,0,1,3,2,2,1,0,2,2,100,0,1,1,0,0,3,0,0,0.171,1.0,0.844,0.333,0.333,0.746,0.56,0.535,0.869,0.758,1.0,0.32,0.923,0.783,0.56,0.671,-0.271,0.434,1,0,1,1
29,3,82,0,0,0,0,0,0,0,0,0,0,0,0,0,0,26,35,74.3,335,36,18,23,78.3,6,8,75,1,2,50,0,0,0,0,2,1,0,1,0,0,0,0,0,0,0,0,0,1,0,1,0,0,0,0,38,4,90,7,4,0,1,2,0,0,2,1,0,0,1,0,0,36,43,83.7,624,125,14,16,87.5,20,24,83.3,2,3,66.7,1,0.9,0.4,3,2,2,0,7,1,1,1,0,0,0,2,0,2,2,0,2,1,2,3,0,0.171,1.0,0.844,0.333,0.333,0.746,0.56,0.535,0.869,0.939,1.0,0.28,0.615,1.0,0.6,1.0,-0.771,0.349,0,1,4,1
30,0,90,6,3,0,2,1,0,0,2,1,0,1,0,0,0,34,43,79.1,552,105,18,23,78.3,11,12,91.7,3,3,100,1,0.9,0.4,2,2,2,2,3,0,0,0,0,0,0,1,0,1,0,0,0,1,1,1,0,14,-1,90,4,2,0,0,2,0,0,2,1,0,0,1,0,0,21,27,77.8,280,56,14,16,87.5,5,7,71.4,1,2,50,1,0.6,0.1,3,0,1,0,1,1,0,0,0,1,0,0,0,0,0,0,0,2,3,0,0,0.212,1.0,0.84,0.308,0.565,0.813,0.598,0.25,0.807,0.143,1.0,0.875,0.6,0.056,0.805,0.347,0.802,0.939,1,1,1,1
31,0,90,4,2,0,2,0,0,0,2,1,0,1,0,0,0,23,29,79.3,356,102,15,16,93.8,7,8,87.5,1,3,33.3,1,0.4,0.4,3,2,1,1,2,3,1,1,2,0,1,1,100,0,0,0,0,0,3,0,0,13,2,27,2,2,0,0,0,0,0,0,0,0,0,0,0,0,10,12,83.3,168,38,4,4,100,6,6,100,0,0,0,0,0.1,0.1,1,1,2,0,2,0,0,0,0,0,0,2,0,2,0,0,0,0,0,0,0,0.212,1.0,0.84,0.308,0.565,0.813,0.598,0.25,0.807,0.6,1.0,0.531,0.6,0.667,0.5,0.667,0.105,0.606,0,1,2,1
32,0,84,6,4,0,1,1,0,0,1,1,0,0,0,0,0,22,28,78.6,349,64,14,15,93.3,5,8,62.5,3,5,60,1,0.7,0.5,3,0,3,2,1,1,0,0,1,0,0,0,0,0,1,0,1,0,1,1,0,11,1,1,0,0,0,0,0,0,0,0,0,0,0,0,0,0,2,3,66.7,36,2,1,2,50,1,1,100,0,0,0,0,0,0,0,0,0,0,1,0,0,0,0,0,0,0,0,0,0,0,0,0,0,0,0,0.171,1.0,0.844,0.333,0.333,0.746,0.56,0.535,0.869,1.0,1.0,0.28,0.615,1.0,0.493,0.963,-0.875,0.349,1,0,2,1
33,-3,84,7,5,0,1,1,0,0,0,0,0,0,0,0,0,39,53,73.6,598,135,20,26,76.9,17,20,85,0,1,0,0,1.1,0.5,6,0,4,2,3,1,1,1,0,0,0,1,0,1,2,0,2,0,1,0,0,9,2,1,0,0,0,0,0,0,0,0,0,0,0,0,0,0,0,1,0,0,0,0,0,0,0,1,0,0,0,0,0,0,0,0,0,0,0,0,0,0,0,0,0,0,0,0,0,0,0,0,0,0,0,0,0.212,1.0,0.84,0.308,0.565,0.813,0.598,0.25,0.807,0.086,1.0,1.0,0.2,0.167,1.0,0.427,1.0,1.0,0,0,0,0
34,2,59,0,0,0,0,0,0,0,0,0,0,0,0,0,0,6,8,75,105,45,3,5,60,3,3,100,0,0,0,0,0,0,0,1,1,0,3,2,1,1,1,0,2,2,100,0,0,0,0,0,2,1,0,8,0,10,1,0,0,0,1,0,0,1,0,0,0,1,0,0,5,7,71.4,94,7,3,3,100,1,2,50,1,2,50,0,0,0,0,0,0,0,0,0,0,0,0,0,0,0,0,0,1,0,1,0,0,0,0,0.171,1.0,0.844,0.333,0.333,0.746,0.56,0.535,0.869,0.424,1.0,0.68,0.615,0.565,0.76,0.476,0.375,0.711,0,0,0,0
35,2,32,0,0,0,0,0,0,0,0,0,0,0,0,0,0,7,9,77.8,123,11,2,2,100,5,5,100,0,1,0,0,0,0,0,0,0,0,1,0,0,0,0,0,0,0,0,0,1,0,1,0,0,0,0,2,-2,78,1,0,0,0,0,0,1,0,0,0,0,0,0,0,2,5,40,50,20,1,1,100,0,0,0,1,1,100,0,0,0,1,0,0,0,0,2,2,0,1,1,0,1,0,1,0,0,0,0,2,1,0,0.212,1.0,0.84,0.308,0.565,0.813,0.598,0.25,0.807,0.4,1.0,0.594,0.8,0.389,0.525,0.547,0.244,0.697,0,0,3,1
36,-3,79,5,4,0,0,1,0,0,0,0,0,0,0,0,0,12,16,75,184,7,5,7,71.4,7,8,87.5,0,0,0,0,0.5,0.1,2,0,0,0,0,5,4,2,3,0,3,3,100,0,0,0,0,0,5,0,0,1,-2,70,2,2,0,0,0,0,0,0,0,0,0,0,0,0,7,10,70,78,14,5,5,100,2,5,40,0,0,0,0,0.1,0,2,0,0,0,0,1,1,0,0,1,0,1,0,1,2,0,2,0,1,0,0,0.171,1.0,0.844,0.333,0.333,0.746,0.56,0.535,0.869,0.273,1.0,0.6,0.923,0.478,0.773,0.646,0.104,0.687,0,0,0,0
